"","kappa_progress","kappa_hurt","agreement_progress","agreement_hurt","group"
"1",0.265654763098269,0.412665474060823,0.783730158730159,0.886904761904762,"Asian Americans"
"2",0.44039270687237,0.599297817127156,0.811507936507936,0.875992063492064,"African Americans"
